rmse,mae,r2,within_5,within_10,within_20pct
13.19633123102722,8.260164260864258,-0.11104655265808105,56.056338028169016,70.70422535211267,21.971830985915496
